universe_month,rank,code,name
2026-09,1,7203,トヨタ自動車
2026-09,2,8306,三菱ＵＦＪフィナンシャル・グループ
2026-09,3,9984,ソフトバンクグループ
2026-09,4,285A,キオクシアホールディングス
2026-09,5,8316,三井住友フィナンシャルグループ
2026-09,6,6098,リクルートホールディングス
2026-09,7,8035,東京エレクトロン
2026-09,8,6501,日立製作所
2026-09,9,6857,アドバンテスト
2026-09,10,6758,ソニーグループ
2026-09,11,9983,ファーストリテイリング
2026-09,12,8411,みずほフィナンシャルグループ
2026-09,13,6861,キーエンス
2026-09,14,8058,三菱商事
2026-09,15,8001,伊藤忠商事
2026-09,16,9432,ＮＴＴ
2026-09,17,8766,東京海上ホールディングス
2026-09,18,8031,三井物産
2026-09,19,6981,村田製作所
2026-09,20,2914,日本たばこ産業
2026-09,21,7011,三菱重工業
2026-09,22,7182,ゆうちょ銀行
2026-09,23,9433,ＫＤＤＩ
2026-09,24,4063,信越化学工業
2026-09,25,7974,任天堂
2026-09,26,6503,三菱電機
2026-09,27,4519,中外製薬
2026-09,28,9434,ソフトバンク
2026-09,29,6752,パナソニック　ホールディングス
2026-09,30,5803,フジクラ
2026-09,31,4502,武田薬品工業
2026-09,32,8053,住友商事
2026-09,33,8002,丸紅
2026-09,34,7741,ＨＯＹＡ
2026-09,35,7267,本田技研工業
2026-09,36,8725,ＭＳ＆ＡＤインシュアランスグループホールディングス
2026-09,37,8015,豊田通商
2026-09,38,6178,日本郵政
2026-09,39,5802,住友電気工業
2026-09,40,6301,小松製作所
2026-09,41,6702,富士通
2026-09,42,6701,日本電気
2026-09,43,8750,第一ライフグループ
2026-09,44,4578,大塚ホールディングス
2026-09,45,8630,ＳＯＭＰＯホールディングス
2026-09,46,7751,キヤノン
2026-09,47,6723,ルネサスエレクトロニクス
2026-09,48,6146,ディスコ
2026-09,49,6367,ダイキン工業
2026-09,50,6762,ＴＤＫ
2026-09,51,6954,ファナック
2026-09,52,8308,りそなホールディングス
2026-09,53,4062,イビデン
2026-09,54,6902,デンソー
2026-09,55,5108,ブリヂストン
2026-09,56,4661,オリエンタルランド
2026-09,57,4568,第一三共
2026-09,58,2802,味の素
2026-09,59,1605,ＩＮＰＥＸ
2026-09,60,6971,京セラ
2026-09,61,8604,野村ホールディングス
2026-09,62,8309,三井住友トラストグループ
2026-09,63,3382,セブン＆アイ・ホールディングス
2026-09,64,8802,三菱地所
2026-09,65,6273,ＳＭＣ
2026-09,66,7269,スズキ
2026-09,67,4503,アステラス製薬
2026-09,68,4901,富士フイルムホールディングス
2026-09,69,8801,三井不動産
2026-09,70,9020,東日本旅客鉄道
2026-09,71,9022,東海旅客鉄道
2026-09,72,4689,ＬＩＮＥヤフー
2026-09,73,8267,イオン
2026-09,74,4543,テルモ
2026-09,75,5401,日本製鉄
2026-09,76,5020,ＥＮＥＯＳホールディングス
2026-09,77,7832,バンダイナムコホールディングス
2026-09,78,5016,ＪＸ金属
2026-09,79,6326,クボタ
2026-09,80,5713,住友金属鉱山
2026-09,81,9503,関西電力
2026-09,82,4452,花王
2026-09,83,7936,アシックス
2026-09,84,8830,住友不動産
2026-09,85,9766,コナミグループ
2026-09,86,1925,大和ハウス工業
2026-09,87,6920,レーザーテック
2026-09,88,6594,ニデック
2026-09,89,4004,レゾナック・ホールディングス
2026-09,90,9735,セコム
2026-09,91,4307,野村総合研究所
2026-09,92,7013,ＩＨＩ
2026-09,93,8601,大和証券グループ本社
2026-09,94,9101,日本郵船
2026-09,95,4612,日本ペイントホールディングス
2026-09,96,5801,古河電気工業
2026-09,97,4507,塩野義製薬
2026-09,98,2502,アサヒグループホールディングス
2026-09,99,7735,ＳＣＲＥＥＮホールディングス
2026-09,100,9104,商船三井
